<?xml version="1.0" encoding="UTF-8"?>
<config xmlns="http://www.knime.org/2008/09/XMLConfig" xmlns:xsi="http://www.w3.org/2001/XMLSchema-instance" xsi:schemaLocation="http://www.knime.org/2008/09/XMLConfig http://www.knime.org/XMLConfig_2008_09.xsd" key="MiningSchema">
    <config key="learning">
        <entry key="array-size" type="xint" value="15"/>
        <entry key="0" type="xstring" value="LESIONADOS"/>
        <entry key="1" type="xstring" value="FALLECIDOS"/>
        <entry key="2" type="xstring" value="AUTOMOVIL"/>
        <entry key="3" type="xstring" value="BICICLETA"/>
        <entry key="4" type="xstring" value="BUS"/>
        <entry key="5" type="xstring" value="CAMION"/>
        <entry key="6" type="xstring" value="CAMIONETA"/>
        <entry key="7" type="xstring" value="EMERGENCIAS"/>
        <entry key="8" type="xstring" value="ESPECIAL"/>
        <entry key="9" type="xstring" value="FURGONETA"/>
        <entry key="10" type="xstring" value="MOTOCICLETA"/>
        <entry key="11" type="xstring" value="NO_IDENTIFICADO"/>
        <entry key="12" type="xstring" value="SCOOTER_ELECTRICO"/>
        <entry key="13" type="xstring" value="TRICIMOTO"/>
        <entry key="14" type="xstring" value="VEHICULO_DEPORTIVO_UTILITARIO"/>
    </config>
    <config key="target">
        <entry key="array-size" type="xint" value="0"/>
    </config>
</config>
